repeat,fold,best_epoch,auc,f1,pr_auc,pred_mean_train,pred_std_train,pred_mean_test,pred_std_test,node_accuracy,node_f1_background,node_f1_epithelial,node_f1_hyphal,node_support_background,node_support_epithelial,node_support_hyphal,threshold
nodetype_cv_k10_minFrac0_1_visual,1,118,0.8793491721153259,0.5536723136901855,0.49299317598342896,0.20212718844413757,0.2406020611524582,0.21749068796634674,0.23015406727790833,0.914893627166748,0.6666666865348816,,0.957198441028595,10.0,,131.0,0.6891
nodetype_cv_k10_minFrac0_1_visual,2,53,0.8611626029014587,0.48148149251937866,0.4041261672973633,0.20701472461223602,0.24138444662094116,0.23500072956085205,0.2399963140487671,0.9108280539512634,0.3076923191547394,,0.9527027010917664,4.0,,153.0,0.2062
nodetype_cv_k10_minFrac0_1_visual,3,50,0.8995165824890137,0.49504950642585754,0.3419671058654785,0.23873360455036163,0.2502983510494232,0.26761236786842346,0.27992016077041626,0.5846154093742371,0.3333333432674408,0.5641025900840759,0.7213114500045776,21.0,21.0,23.0,0.6289
nodetype_cv_k10_minFrac0_1_visual,4,230,0.9428054094314575,0.5666666626930237,0.4320504367351532,0.19105631113052368,0.24378252029418945,0.16397006809711456,0.17366726696491241,0.694915235042572,0.6111111044883728,0.8510638475418091,0.5714285969734192,21.0,24.0,14.0,0.3628
nodetype_cv_k10_minFrac0_1_visual,5,54,0.8437243103981018,0.4893617033958435,0.37255096435546875,0.2179994285106659,0.25166550278663635,0.24340158700942993,0.24761059880256653,0.6619718074798584,0.11428571492433548,0.5555555820465088,0.7897436022758484,8.0,31.0,103.0,0.7041
nodetype_cv_k10_minFrac0_1_visual,6,50,0.8576301336288452,0.509695291519165,0.39816540479660034,0.23097801208496094,0.25817039608955383,0.24048645794391632,0.26553383469581604,0.7342995405197144,0.4444444477558136,0.5135135054588318,0.8338983058929443,20.0,25.0,162.0,0.5106
