repeat,fold,best_epoch,auc,f1,pr_auc,threshold,pred_mean_train,pred_std_train,pred_mean_test,pred_std_test
nodetype_cv_k10_minFrac0_1_visual,1,118,0.8793491721153259,0.5536723136901855,0.49299317598342896,0.6891,0.20212718844413757,0.2406020611524582,0.21749068796634674,0.23015406727790833
nodetype_cv_k10_minFrac0_1_visual,2,53,0.8611626029014587,0.48148149251937866,0.4041261672973633,0.2062,0.20701472461223602,0.24138444662094116,0.23500072956085205,0.2399963140487671
nodetype_cv_k10_minFrac0_1_visual,3,50,0.8995165824890137,0.49504950642585754,0.3419671058654785,0.6289,0.23873360455036163,0.2502983510494232,0.26761236786842346,0.27992016077041626
nodetype_cv_k10_minFrac0_1_visual,4,230,0.9428054094314575,0.5666666626930237,0.4320504367351532,0.3628,0.19105631113052368,0.24378252029418945,0.16397006809711456,0.17366726696491241
nodetype_cv_k10_minFrac0_1_visual,5,54,0.8437243103981018,0.4893617033958435,0.37255096435546875,0.7041,0.2179994285106659,0.25166550278663635,0.24340158700942993,0.24761059880256653
nodetype_cv_k10_minFrac0_1_visual,6,50,0.8576301336288452,0.509695291519165,0.39816540479660034,0.5106,0.23097801208496094,0.25817039608955383,0.24048645794391632,0.26553383469581604
